ETH Address,PRL Tokens
0xEEd361d7A1eb037f8b88598823C7DFeaf4191d6C,33340
0xF302E820f23d159757f6F0D984100D2985076b96,28672.4
0x5F19B49693f2C537226c1c75AE0F2881795E43cD,86684
0x2Ac21A1C9f2b7B4b38492d211e126C126821B4d5,68347
0x69D230542717C037Aa5090665C8477B381F0324A,7001.4
0xDfBD1faD5fe54fc27153d89972eFc55cB4a28405,71681
0xeC70D81841a1626008CFa9EC8f3E5021dB3F4DC5,25838.5
0x2fDB5DEFa2C488e97f40104e03c3E3C3afD42669,70014
0x90AaD56Da23a48591D79a9873b3bd4d9E2DDe91f,45342.4
0xB6c4AdB5bE1630F85042693526D0e01A05005C33,18337
0xbd3d8a93E337420881dC86aEe45C52c3C7B7a81b,9335.2
0x2C7Fee4B264223B95A121fae408d0fBd04dF38A3,31006.2
0xF8afbB65B6E8605266384ed8B65D60cE68B4aF29,30672.8
0x5aEDa141CeB7323825fB57F8C0faE9a0A97a1674,70014
0x04ca6F7a20C3FF624883a985f9EA4Ac7aF0379b3,26672
0x8374615f692Af0d1Eb247cfF015aa71Bc4628627,35007
0xBE662f22c7e8a840974B5a37ABD01d82F23Cb76A,39341.2
0x298fAE9446fFc867AAe2eC95C9D0A31C31573A3C,19170.5
0xe05a957F7F3358a5D2307df71CeE15c1D50922F0,70014
0x4A891cA4f7402e56Da8DB04C9aa5F0B800df1b4d,35007
0x787F1AC4DFaaB15a826Fe5Ac5f90114D9b65440f,25338.4
0xc3Aa57adA460BC23d1D645d2E026918A8eB7ea52,69347.2
0x0c9fb84d41652e9eABB5ca8544b6DC8f371b3884,27672.2
0xf7BCD2c7990E56293aF3c5B21Dc8920cB9C5B440,26338.6
0xecEb8f747c64604F04D05665000dd1480879c210,24338.2
0x158371613F9d7CDd0E117a2c90cd65AA6fF7814A,62012.4
0x2252310BA7eb1bc5646413da92931E84aBF0597E,90018
0xa1cF726619F8C16E32E89Dae354ddD47aeC59FF4,75015
0xBF996C7C57C387cEEbaF2f57c492d84A6B43Cd4B,26672
0x787F1AC4DFaaB15a826Fe5Ac5f90114D9b65440f,26005.2
0x7B2788bd6CF36224437e13901D2326b24B88c5c3,13336
0x3B3173B5cb3c1ec3ff75f6049Bd55fd8f0519ba3,46676
0xD66F85C6ebFc826d246e2Cd595940D680e1B6a50,30339.4
0x8697990141a839875DE67E8a12f7B6fC212D7321,13336
0x3EE9c5c1B471c860061f9Dc1151371368269c3F5,13336
0x314c30A54dd24A2B1cD9cA7872bbA0dF1875eEcB,52677.2
0x717ecA6E745BbD9B6D86D4a50eD6fAc8f8eB9ADd,26672
0x30179f05d9932754B0Ad0A2049710cFA22E6408B,37340.8
0x186C5AeFF98fAf07f7252bA8C531633E372e4D9F,14002.8
0x587B5e9478Ffa8B6608aE06cdefA63bb62d03e23,36674
0x238f6C5B4eEc094d2beeC4c4a3AB8c0aE820fA8a,17670.2
0x05a3F6d7ddAe8EC76Ee4AC6b1F736d906Eb29ceb,11335.6
0xDa68ae7c529Eb47C195bB8e74dE4B8fb140fD9F4,22671.2
0xb31ba48521801907D3398F83BE27bF61C32c0F30,30339.4
0x8F1254b6d731A346472eBE86B59BB2e8408956C0,31673
0x95731e1abaD57E7066CeEc848CA0910a70c6B4BA,27672.2
0x4991Ebd6856211DA9aA0cEe0B3a6f7E2b8628EDB,51343.6
0x37dc1832946543b4E3c778334bC0Ff96bb67E9ff,23338
0x608D7cf00505A3CcF5faF2656B785c5102433E8C,15336.4
0x2F0Ab0df21b0349498b651fcCF6AaD832ebc8Ae7,47676.2
0xa5bbACDa048D2f13e28D41DF80d330BF77C39926,35340.4
0x73f1754927A094015d7F8487dD6d4283dB8f4C62,9001.8
0xfc190faEcea90Cf6B8B34209a5e503f58aC088CF,35340.4
0x28bfaA6329e157A6CbE01a6038c4A28547Af2896,68013.6
0x8232082CA9bA48abF393C117811e756C0a65c562,23004.6
0x9fdF3123A1822971ceBd7F325b966515746E99a4,70014
0x662b99b959228b9a7F93B5470d870b5BbE298713,56678
0x8D934E5863e8d82e050c7eDaB0aC6dB33bFEF19e,21004.2
0x1394dfB6B6819A52eEEeE17Fa145a3be4D614c4E,23338
0xc920b3AfD4b13124542fc28731bef343E21DDd31,23338
0xADfE3275914aAA4f71998464F6665109e35c42F7,19670.6
0x46961Cf36204C21D79798B5774f3F1762F35c785,21337.6
0x5dE6c3f8ed7815d2199F3aCDd370c7fC00EDBC7D,19670.6
0x2F5A1ADa406DECf861b155DB4B31d3314b764AEF,11669
0xEa93Dea668c4f856F1f62E4dd23b0253FD81d3eA,23338
0x75611816A0AEB8796C10c00a646701b96acE8Bfc,23004.6
0xbe18D193B4487a4F40AE3beD881ae6C7658094ae,19003.8
0xd178577418C58b6C77761F5E0D4e98badFc68Fd6,19337.2
0x6aA2F76271304A0F590fa2E0396C0c6B81729149,20670.8
0xbe065A817a5Dfc49D878BE3f499C95e0e51Aaa57,8335
0xe705df7054F2D72CE96C5f28F33D0e1B7A429f3d,18003.6
0xb1247517DA7891344958d4AC7D15fBf17F33316f,22004.4
0xEA408B0667Dd87e555439A257B70aFe7A0608E45,11335.6
0x241d40E541aC00426483915Ee671Be395Dfe3d04,11669
0x2597819a031F047AE6C18414A97719D50DA70Bd3,15336.4
0xeF5125025B8593E3D486BD68f344c836182688c1,8001.6
0xdd12d76573BFFdd7e1E70359EB65e83910A0f35E,2493.327715
0x9eb429cB38AD55553A6E83CcACD178C7fd27A26A,4073.605844
0x3B3173B5cb3c1ec3ff75f6049Bd55fd8f0519ba3,5934.822307
0x809C51e868c3977139e13CB99333EAa0e7915BDB,4073.605844
0x38dC4BF0CAd0Eae583A5708119D5679C43069620,4424.778761
0x689feedD16534ca4b41DF24d74785A01Dc887759,5302.711055
0xec02aF8919CD85BedB50A8Aa8275fe04e1703951,6005.05689
0x431f2D60E1D41DEC50898E31F19b5998fE281224,2879.617924
0x27FE8F2B6465708A0232B53B8df7f70Af4552E42,6005.05689
0x0e2e2b5E53fCDD29D7f048eAf3DC3583B06ca862,5302.711055
0x623f3286A5e8AeA561941280Bd2A21Cf186D4a20,6005.05689
0xD1ccEE2b4c8Af8bB69A1D47B8de22a2C73c04F7A,4249.192302
0x94605885e08EDEbc3F3727A843d268bD8737Ce01,5408.06293
0x968C7EBe1D9C858CA37dC39584aF8c0312DdC114,2668.914173
0x0fce046251322106304B80d15b09CAa64B010522,3195.67355
0xE69e7d52c133f1Fe56fE80613cB158037c509254,3195.67355
0x0811a0708dDD83F69ACD34706EfC0D4828aBd58A,3195.67355
0xcFa58dE30c5d0C986e2271470EDCDE381ddE4d30,2844.500632
0x5b66FB0Cfa931a2fc8FA17779Ef26A1b9bb3D6E5,4951.538137
0xDf0782EE3c2d1F90437bd7c96d9123ab4d37c34e,6005.05689
0x07Cdd8B0c6c1129Ffbe61152CE50D744a85aA3C0,3195.67355
0xeDB182bD13948eB26c824Fc9F9f13d89C7A14D48,5724.118556
0x4986ac8522E8831e71439C529E514022596c301B,6005.05689
0x7A141bE340A37e049FEA857875b98c02fACA1ee2,5337.828347
0x0828CfEDAa17a947b12f267c1A114A6bf3bb01d9,70.23458351
0x8807aF0Bca19ee4D79dF40B23ac2f442d42569d2,1615.395421
0xd82CbA09B9C108676EAA4185d9725d9C46eFaAF8,3195.67355
0x394c426b70C82aC8eA6e61b6bb1c341d7B1B3fe9,1615.395421
0x9426C84f79F8638accA04082DC23651F61830783,3125.438966
0xDB39A479d928b0555040bca8A26C6998F6fF729b,4214.075011
0xa0c53c510299e9FeB696F6354Db7fD9dC61acd10,5443.180222
0x87379c15810e77502e436Ab8f06794cC662D39a5,5829.470431
0x132948dD4D9445dCF52F0393B6DC447CD9A07710,5583.649389
0x01504415AF54334Db2D7F1e72909Dbe13895e33c,2774.266049
0xF877ebb29085eD4690f7b190B883572D946B90A4,3195.67355
0xeeF53f17eCE62acb94820D17a53C8FA7610A8Ab9,5478.297514
0x3FFC937781F3D1B565d5ea019a54C4691260cBA1,913.0495856
0x81955fBe886B258FCC69eB2899ce5E3fC0b32792,386.2902093
0xf573353a424CA1b38786768aaFd919509c5f889F,2563.562298
0x3e109FF9E1BCa683f3CE7296c141983004876e37,3125.438966
0x299CC550Eb4B739DB84c7864d793DDbDfEef76c6,1755.864588
0xfCFc5CCbc8885955d9345e112c6d1553a7C54010,3195.67355
0x390C9a8C8dF06123389704967C50206034fDbEf3,5794.353139
0x38223B8EBc6D6F404F887DF06C334c4702a55711,210.7037505
0x15E5B120FA46e86770CFe5Bd74454B8bFa4E83e3,2984.969799
0x80678d49f8ef7aFd19F168A7931aeEC365387A04,35.11729175
0xcE69929dea1Bb6dE0Fa632F0730E474e94232697,3371.260008
0xAD962E9F606f7a3f2771f1Df9e00b7E90852ED2B,3195.67355
0xc6F004E13340ae659F5a731aB0f3D37aD0d35147,6005.05689
0x7f337E0756Ede5b68BC2778e47060518d26A76BC,6005.05689
0x92D70F455160F5d822b03e393E90b4caacB22db9,35.11729175
0xC3Eff41E0676a2e28C506355e503466d481B58cB,1896.333755
0xDF7d8e7f0556820593aBA352fA860Fe8711f0c9f,1193.98792
0x960084b2F3dd53b5281Cb8e56Dca910a97915010,3195.67355
0x0F3f53945129ABEA28Aa1969a179F8405CC2Cded,3020.087091
0x43584b7B3cfECD81189523F11dC9a0E8337E3D88,3160.556258
0xf649FAFa6c7B1DE7d5e5D6202B2cFee9f2087612,5478.297514
0x5F19B49693f2C537226c1c75AE0F2881795E43cD,4951.538137
0x0F77E3A9A26b337256872fC829b46439735Cc037,1334.457087
0x1e00e694fA2737A8591a0Fc8a6385833e6feFa5C,5478.297514
0x711e7A3a04dDA95aB035567De5F871169580114c,4600.36522
0x3b0231d42E7593cf8c9dE9Ce0BaE34C4724ea9f0,3125.438966
0xc79AB1cB52c8c6cBBc7e8992d78037A3b5D75C35,4846.186262
0x9baDe2672149119afd0b0f35E2Fef89946dDdE0f,3371.260008
0xeA7067ceDB67c19B3A45B0fa34AA93e6e3308eBE,5267.593763
0xd0A9Be491CD455494763F9412BCBC3190daE50A7,3336.142717
0xe3AFA1F0fc41Bcc669DC59907414243a679b64E2,6005.05689
0x7d91c3Df49822CA82519c6D641d4C40fa60E200D,3441.494592
0x298fAE9446fFc867AAe2eC95C9D0A31C31573A3C,6005.05689
0x6F626639efF3da66Badda7D0df7433e91Ea33e22,3898.019385
0xF3b7f103a59B33d3C1659Bb2481e0b57388D9Ae7,4073.605844
0x9916bfdF889dBf113336Fd2F73cc60F48f455f3c,5759.235848
0xd1a94FbCc4C85F8453A355Fdb4a50490ABbfb66a,6005.05689
0xA5B71d2d5a98034710641D6Fd134d90f3a68456B,5478.297514
0x10Ca552a3dFacbDe6b91bd0f92eBAfAE4160a28e,5934.822307
0x7dE6729108fE966FfeC312F6b6555CbE8891FDBb,351.1729175
0xb623472A00418b5Beb57E3e662382ACc75654Fef,5864.587723
0x8f1de18Eb7a952DC10dcE1D0cA4d7B77E119cd32,5653.883972
0xc6E6F5fce7Fee313a159D6BAad3209Ee4c027969,6005.05689
0x47Bb7b32aa66986c2Fb5F4AFb26AEfe218d99D02,2739.148757
0xBd503712a83FC84faAC713AD81403544022155F9,5969.939598
0xE3e67bE90CC1205da41b46dbA4F67b39296347fB,3546.846467
0x4cee23a86A414086bB3b76632A3b703C5c71a7E6,4775.951679
0xF223C5FdDC4c88Ee0F1dDE70456CA5AEeE243961,2809.38334
0xfA5557E97e0EAe59d2ef17a1429E71dB717739b0,5934.822307
0x6d674eEfd04792F63f80BB20B1950d3BA41d8Fc9,5127.124596
0x359a355D74a83EF447123c14a4e15cbaCF9a6a28,3722.432926
0x8C94705F35638fbdaDC9C0a2C7F8E6067Dd299ea,5302.711055
0xAa251b2106a4A73D78BB3d6c7Ae189Aff7733ba4,1966.568338
0x370bD35881d11d3C5092D3baBea6F28b2420A16B,4775.951679
0x909a7698e70eDD8539f45349F4301Ba1a67b2ECc,6005.05689
0x6B708EAeFf9De37763eFFb83FAF1F37ED4C55A87,5302.711055
0xf334d9CfB23A12c2bF472837a4f3257B6D069b4f,6005.05689
0x48Eb6934Ddc194CbbAB137A474A53973043EC5B7,2107.037505
0xF486F800Ea0d4A29Af94aF400c8802BB0C39C076,5197.35918
0xc890f4632DAE3D01DB77c37020A938200CF981f4,35.11729175
0x6817A548EE18a1b9A152715FB3F98285014A2601,2036.802922
0xeDa3ce39915150a98Fc32cbb5FA1373efD3Ce10e,2844.500632
0x4b0b415ea01924BE143a22e60829195F984E1966,5864.587723
0xc6Cf0F9E2FECd9eB31903e2ce871544EEecC7638,3581.963759
0x01a1E71821D04BeE22Cf17bDAed2Ae9520a0B5dA,2317.741256
0xd5Ff3D2a365aBCfB502A762325AAD40B78811995,6005.05689
0x6449bF204E8b0aDBe3b5e2d38CB7803b93Ed5155,1650.512712
0xAF82eED64bDee62C02De70C5a53255C9Bb1049B7,2914.735216
0x5A0013E5fB3D55C57775B0d14AAc6a1683362973,6005.05689
0x45dDDb239E6ff3E1839F7e7040A846284118aDCE,3195.67355
0x64C99089aB322404b0523c302A429100004cF143,6005.05689
0x24bf5f007e4B06f5777C460Fb02D3521c1B521A8,5899.705015
0x0FFa2B4178d928AA9311d5a049cb1c6E256e1589,2844.500632
0xe13c0BDB780b01F1C816b0b601FCeD908cBA42b8,5653.883972
0x1b502373275De30C5B003BD806D256B2e5E688D2,3195.67355
0x8d6536C2A042b6baCe9023e4F2050D49A67091a1,3195.67355
0x83E73716268A5aF7ECb51a668cfA353B45359171,2493.327715
0x9ceC11c512478aA219E7F5cA044F5802b7F21191,5302.711055
0x5a4aC140a8B6116D8D7a5c1aa52F09eb329b51B5,3406.3773
0xe95BAD0D7a8d503348366A7A652616c5aa81D42b,5934.822307
0x5f97F9eE5b453082eDcdf0e39A68Cc2d5Eb25CD0,1966.568338
0x63b71209aA57B5AC87B0aD43BCb43Ce5F5cF0aaF,3195.67355
0xDFf8E9656aAAA700C6b4B24C919a74bd60399947,1966.568338
0xeCbD6444e2f3458F39735A7AdcC13F2B866142Fc,5513.414805
0x7D6DF8556AFEA421f6FE82233AB0Bc9ed8A509f5,1790.981879
0xb6A1F88AE8AC711a43f1cC2315bD7F11bD0a3038,1966.568338
0xeCF50FA02188c92393ebD3F3afFdFaE84EA679Af,2739.148757
0xDe250e80A7B266922132AB296A2925f8305487Ad,737.4631268
0xfE973081E337BE2b04c69B9018BFC787C89B8809,1966.568338
0xdA2759C9D8B3fEA3dEBd149F79F4A5fA31c2BADD,1088.636044
0x382204a450bc7A436e27ce81B3b0490666B3723e,3617.081051
0xc076c1C52BfDBb15507102AaDA4473a039963F4f,2949.852507
0x47283889A0f27d9dC2FAe1Ac5DB5Cef7c7450e34,2423.093131
0xDCe8d04bbBcCd820776785409A55b8F3b05F0AF7,3336.142717
0x5D3Ba5dB35F772a39B31495eef872A573DFe5A65,3265.908133
0x0794c6f120331563516Ff2C0c425eeC81Ad45038,4178.957719
0x7bc1b970A9225E325511BdAE57722Fa6DA9Bd8fc,4073.605844
0xbE5e239CAB7E6caE599CCb542820a68e9D86e13A,245.8210423
0xAF9a09c64b4ebcbfe42c001b6c163A0d28a86513,4951.538137
0xFf0d1746B9036B925A4D40Cc3104a5Ce04413a6d,35.11729175
0xbedbB1641f0DA064F5081704bf2e44B1b97B60b7,3195.67355
0xA3D7dEdda551204ccB03Bd79Aa87824cC453b8dE,2458.210423
0xEd79d267dF29066476aEcA056b77F8bCeB8a4C44,5689.001264
0x9d0f536Dc95CDE0486a8708e1AF01A6e4a60e9b2,4811.06897
0xFC1E54770F8A9B43f72137A26b831e89FE86fA7f,561.8766681
0x03F2749462e1942C34B69Ea4bafd4d31812aaf89,2458.210423
0xa2fc55517125958A9de8B67Ea690db40569CD5f7,5302.711055
0x3d6e9461aa8476FF1E3636622C9736a6F4cB6da8,5653.883972
0x940ecC5C2aE76aaD7d4c90a839f3e1B57e72D861,561.8766681
0xC32490bAE8E818287dF24f9A294e80d2C526F0Ec,3898.019385
0xeEF25B39Cd2500eAAA5AC6f92C86edb17A436a7a,35.11729175
0x2D2c27b5a0ae884f976dBa8B1AF113ed81E28279,5899.705015
0x3633Ab2e36B6196dF1d1a7D75D0a56DeAcf067b8,1264.222503
0xB3e54b37f82F01ED03e31C34bA89cE4518866c78,1193.98792
0xBb0b48A25E9E0fc9238a92b83a31dCa872Ab25ee,561.8766681
0xb84093321Fa220179Ace363Dc9Dfa8E7685e7364,5653.883972
0x7d5f5Af2130985fe0fb5f2BFe38563ccFbEEfe23,5934.822307
0xCB9352cF5DCc70B3ABc8099102c2319A6619aCA4,5443.180222
0xA9F0986eE44018D671256FE6edEef6E8a0C00c02,1229.105211
0xC8c7576104BD1A7fF559bdBa603c9BFEB941Fe41,35.11729175
0xc615B0a7FFd3098A03EFc54192Ed4E2788d9590d ,1229.105211
0x21e70feE23868b5C84e3cFA093990cCC1Eb5D02f,1439.808962
0xf6e55A5C00FA3892066EcC4F43839618539f1873,1229.105211
0xb3A3Ff82C6f0Cd6a4119091Befc6Bb0999593EFB,2914.735216
0xAb05b147B471e7B7fBA399935b3cA5AAE6E35d15,210.7037505
0xEbD02feCA4374FCe35BAE1C81fB8fd305A4A106C,5302.711055
0xdD732364Db1EF1D8D22B41B539C606BC42d37a6D,4424.778761
0x136d44a5049cddbeC4D0B6923c4FE81f9C144E4d,5302.711055
	0x61dA2f396E5295020381c2f96c6B2A55d677CdAD,1369.574378
0x38BFD641B57BebF2fE152DA4c98Ba74e27411A03,2493.327715
 0x5fAcAaDD40AE912Dccf963096BCb530c413839EE,5337.828347
0xc2c9652319c054b3EF5f0435420ad66c3722ecbf,6005.05689
0x229C7B632C72a7EA4B8152b9e7C57c23400FEb0E ,1264.222503
0x1672BBf0b5f24B4D1ef155AEcBd3925864d4568a,3862.902093
0x0c8C4024829d2AeFE3b711b78f3852961661eb57,5829.470431
0xe53723C804eFDa69632aEB53EC6c41Ce7dBc8D2b,5127.124596
0xB6c4AdB5bE1630F85042693526D0e01A05005C33,3020.087091
0x92e7a667B86BAa164fE2f9ef18835f85091f028e,6005.05689
0x0Dc6E0bb14b58b88cd3005ace0C59Fe5957C9535,5513.414805
0xdd8E3B1FC8acEeF62c2aaE07ab6B39118fD38bC4,4319.426886
0x81c701Fb2103dcbde6ffD7755397da9561ebFa8e,6005.05689
0x5F3034c41fE8548A0B8718622679A7A1B1d990a2,5267.593763
0x9475170Ca7fAa73188A32647a8e5A87dE7885D7B,3968.253968
0x252Ec6FAfcC914e833D5596DB88F49A016aA5341,3020.087091
0xda96FcBb1772EFF76D52ce2E5B585e614F72Ac5b,3195.67355
0x9c29D669d0bA6bAE5d0838176b057960dE236Ecc,4108.723135
0xc9fC70444c2FFE34a8D022C0523ceB310A9922E1,5408.06293
0x0d9Ca8fCCB38A4403c6360cC7bC680CF38c62514,737.4631268
0x10A7ec8640956Eea0B539399b8536BA9cB4bBaEF,3195.67355
0x9e0d5f9aA0325774241D713F935cD1412874b63D,3195.67355
0x997F6553A67BeB77388a9a73cd30588E845BBC43,3371.260008
0xF5B5Ebd96330ba955a816892298893bD573B6A52,3546.846467
0xD0dF10a9968E2C4c4D5Ad5Dead6Fb38b99AfE5F5,3195.67355
0x94AB97941b0f9912e976FC57531896871985aF0c,3195.67355
0x1Ea8Fb629c19394064f345BAa85eCb0688EBFF4D,3195.67355
0xDD4dE244c1b24B8439339Ca38da56f805EAd3B36,3301.025425
0xC54280E821cdcBD43d2dBDAE4893E5cff5EcD623,4249.192302
0xd0cd77D8739044067EDb474B17100809C24d192b,3195.67355
0x050348722cb13211cC1961c6DFD9DC5F08A4b713,4951.538137
0x2a61FAD25921c84C6B379C7E27897bF699FBD348,5302.711055
0xb8a89204464CD74f94c1917b1db37ad1fcfa1D1b,6005.05689
0x9dB57fbf4eB1d7303B34098e61E098c265084189,702.3458351
0x77259B80B0b7EcBfb7bAaA675b9026fD3765F789,2036.802922
0x6ebE4f8cE58cd08b9834C0De6b286900b331C1D6,6005.05689
0x253b4B3ef9063b3aDC8870c9628Bbb68fd903f25,2142.154797
0x4B2B7665B4dFF1Bf50c35fC33639d91ff3821B3B,913.0495856
0xE99d86eBB30E0f96240fE934945017B29Be115e4,4214.075011
0x7C285652d6282d09EEf66c8ACF762991e3f317a8,5478.297514
0x1BaF4d642148F6FB07A1d1Ed5bA3763B4349208E,5864.587723
0x657ca68f29DE3e45A8103628F53b205C8E50c880,4951.538137
 0xF7559AC6C13733be852bae3018E1a8481730A1F2,6005.05689
0x991dE201896019C3F610fE13E555d0B9400746C1,1264.222503
0xAAdB2C462a98fB6c4Ddc055fa4A0baE6832076E1,5478.297514
0x1B4f9FdEf1D053Cc7919DF5aF15f26fB77cbe97f,1439.808962
0xB9Da02589a12e38F773b7B40D813a8123B274531,1439.808962
0xad9d0cC17E769f116f96DF037F912203bd30cb0b,2774.266049
0x0CEf1f28718B886fe05Adc5cb93f4f528d1C315C,5689.001264
0x5A29aEc11F14a739F8ab58Edf5269cA12Fb90080,5724.118556
0xD7622098Da7Bc8C585E3750500bbfB0C83B45a1D,5653.883972
0x015839cdfB6331Dfdc6964c6734734B4f1D3A1a2,4670.599803
0x04f72A5b94De77299FEAD165b159b7Be44194333,6005.05689
0x6D50EEa626caeCC03F6a587E55D4D9236c2D0E89,386.2902093
0xa46A17D5AFb230ddc2D492774B222960922d79E8,3441.494592
0x3A424C516ac25B4ec3Cf355Fc7D0F6531b46904E,35.11729175
0x6c8007f61C35F3744f15793735A798d6a52C8184,4389.661469
0x0D065f710fE4254e187818F5117DaB319fC4Bdb8,1439.808962
 0x369B5283d4C934867280778f8c211610F554FBBe,4951.538137
0xA7135cDDe98c2fF4C62C2b76332BF72cB776fF63,1966.568338
0x492072Db470a8FA75D3355e1eEe18B8B84d9F7C9,1545.160837
0x3F92abF3898921A6A9393C3BBE77B81D55c40039,4073.605844
0xe1D1340D90E97a96199942aB5Fe5b87670989631,35.11729175
0x9f4845A00E15dDBA01C75059A8eF1D781D5E212a,6005.05689
0xc4A22Fab7E946e4e01CC3A08107c27569729cD9d,3827.784801
0x2555844DABca25ED7A072CDEFa5fAf9747946a6c,4249.192302
0x3179f88ded783b02e0EA90D44cE5C584AcbD9F3A,1615.395421
0x75f23dD04D90B621eC9C17767806D9138ceD6CDc,3757.550218
0xa8BC9D555FF9f6F6833eba0Bb7334a8Fd526242d,4951.538137
0x164326f68a640ebfa187885324c704Ee306c3E1D,1861.216463
0xD935AC4A38e7BAE1B96194a99ABDFC5B91690673,5302.711055
0xEa783b2918806A9ba992c57e1Ed9e5331B3D006F,1790.981879
0xA28C927888a35E9952E196c582cF7357429739F4,4775.951679
0x94B4fe0426daa61486A2cca55702F7c8cB8b802d,2598.67959
0x83CB570090990f61ac051f2E25770A69B525b57E,4951.538137
0xa0774CDEcAa9b29f0B2faaC41f4e9d7E7079671B,4775.951679
0xb9bb10E9aBAe5feBe5B68162F03DdAEd9fE16782,6005.05689
0x61502FeDc97a9d0Ee4a3D6bC0a3b86dd2dd41b75,5478.297514
0x5505647dA72a10960B5Eb7b7b4eB322d71c04bBe,4846.186262
0xF302E820f23d159757f6F0D984100D2985076b96,1790.981879
0x4A891cA4f7402e56Da8DB04C9aa5F0B800df1b4d,35.11729175
0x17AD3d8FC464034Be87f53d984c8801E34fe16dD,2984.969799
0x41d3dd23282b15B22822159A1D08646375FF6F55,4424.778761
0xAFEdCE2Ca72053Aab0b1fFFe8Bc366f70E1F38A4,6005.05689
0x8986A6Ec15787af3584cdeeeBB95946b87914A56,5864.587723
0xA6A28Cd4b88818A1586A8F4f20194aaBa6e42208,6005.05689
0x114b58DAcD8176bf41e40b5931f7Ae04A01239a,5653.883972
0x861120d0aB7d675abe3BA44e7CfbD65ff093De45,6005.05689
0x01e6c7F612798c5C63775712F3C090F10bE120bC,3406.3773
0x0Fe8C0F024B8dF422f830c34E3c406CC05735F77,3722.432926
0xEFA2427A318BE3D978Aac04436A59F2649d9f7bc,5724.118556
0x98Da84B27c7f2419e8b3A42229dBD4679859589b,4249.192302
0xBF996C7C57C387cEEbaF2f57c492d84A6B43Cd4B,35.11729175
0xCD2bA98fA75B629302b3e919A49ef744EB639D59,5934.822307
0x690E099254539F6c8b78781A84C9262E0D1d05B0,3336.142717
0x9655CC9e44B31d3eC048BcD3090c4f7F708A26dE,1088.636044
0xC423CC8456A4eec8C4C08676EaF2dAfF2EedEb54,5899.705015
0x4003f499d2Dbce1b48056A0c4eA12c0D421EFeB4,35.11729175
0x63FC75Ea938D0294DA3CD67e30878763B0e4a831,5969.939598
0xACA8972697Cbd4A3aD6b53bDF9465cFBFfceBc67,6005.05689
0x6Bce2148d03E4cE04Bc802C423756A72851A44b4,35.11729175
0xa0aB82E710484FC137522AC7308031092E3fE998,1826.099171
0x16bcFcdE67f5Df77898820716D15E52493dF4D06,1790.981879
0x624440FFF9763cCbc5ae3E569eFc3458C1347b21,2458.210423
0x905CCb9A8D8a8C460D68dbda8b25643567c35768,5759.235848
0x1Bb8409507eDD61A2552854Fbc545bd8f662120F,6005.05689
0xbe065A817a5Dfc49D878BE3f499C95e0e51Aaa57,6005.05689
0x491cF7629a2397Eb738A120fB13FA44BDBDc0E44,2668.914173
0xF416cd92b975a37E6e6BDf01389B2984324CA492 ,35.11729175
0x2Cd6DF1B5eE3892b36C36c5E66B3C8baAc6e9AcF,4424.778761
0x19CDebDD7b246beF1AcD1Cd7ef32C416722a21F2,5653.883972
0x38ddCf0b354E9B8eb9D3071fD8a88aEEb5F38d2C,5267.593763
0x8374615f692Af0d1Eb247cfF015aa71Bc4628627,5829.470431
0x3753AB138a79CFBb0c7f704985dd8E0887561501,210.7037505
0xB95390D77F2aF27dEb09aBF9AD6A0c36Ec1333D2,4073.605844
0x00d97D7f128D251Cfd3Bd638FE300Abf3037C736,5513.414805
0xb9B03611Fc1EFAdD1F1a83d84CDD8CCa5d93f0CB,3020.087091
0x6492346BF7f21fa5873BeAD8333a42B51E02F7D6,6005.05689
0x1FC6523C6F8f5F4a92EF98286f75ac4Fb86709dF,4249.192302
0x82836e3BA4Fa55e109b5c5490B2E5551Ca250DEc,5583.649389
0x4beFefCAEc71E5603f7A2dD59C3827Dafa328e1D,3722.432926
0x696577b133ec66cdB4026E91Afc8f2FbAAAA2783,4249.192302
0xfCd20240e4eac2F59c5065687d21E930f5102C5A,2001.68563
0x0f3FBe0b6AD590b3d761F53581c57766200f8EeD,4284.309594
0xc3Aa57adA460BC23d1D645d2E026918A8eB7ea52,6005.05689
0xe3D8a8B4a4aA87d11AF9307c95DB5DCD3C5F2841,3652.198342
0xa7802Ba51bA87556263d84cfC235759B214Ccf35,4249.192302
0xe80bf5CaeCf42B06248e65F31EA05eC85262a6B7,6005.05689
0xD34e2dD306D73a4775Fa39D8a52165CEFA200fb8,3336.142717
0xB2ed6A4Ba50B0998b102BBa24963C2E6cfc9c043,5969.939598
0x152Bca92bB7ae1024a6f77270B6ED752F12d8Bd6,3862.902093
0x4Fca940Bb828D8323ce59FfF04CA20F83ceD4e5c,4951.538137
0x55a3fE9289B8DA8207B3b4834E195cD573Bc2076,6005.05689
0xD3E317963e59D10ee190AB348C0E0c993339d0c3,5724.118556
0xF39ad0825a62b959D5e4Cef4Ae266b0861Bf7564,4424.778761
0xA418A6b662900732370Df6031B68F28Ae9210804,4249.192302
0x84Ad7CF6939768aeEeA562Fb4744fF1beffDD13c,210.7037505
0xEf66e3550569b1E22116cf6c315c40D86D373211,1510.043545
0x90AaD56Da23a48591D79a9873b3bd4d9E2DDe91f,6005.05689
0x635683Ad76DE17a974a4bc5adD73477E508DD922,2844.500632
0x4775AA9F57be8C963eB1706573a70cCD489e1c45,5408.06293
0xf34aAf93A7f7d33D73BFD83A067264dC351C4955,386.2902093
0xcd06493110ec2DECDd723C3E3Bf122D77D9A3D6c,1615.395421
0x8298f61E3D7588887719f1bD9f83C2FD36d4619C,561.8766681
0x43130148060f177c78825cBd5a0d0A18879b18Bc,421.4075011
0x056100dD8b7B88795699c121EAc4FC4b6092c3B5,2317.741256
0xbf540a5db97213dA5E81C0A6Ff196CCA60d392E3,1439.808962
0xdC874541CB6d8F37338575E8d105A054007eA2A2,5653.883972
0x067be47f0D4B8380ff41321e0911A66b2b1f893e,210.7037505
0x0B92db394eC8368aE1f1622ea48EfB23be1bcD93,4775.951679
0xe33155983320014e8b38CEf445Be3A669b606b04,5478.297514
0xd66c5E5C2d88AE487Dc0A2337413010A12f36EE5,1439.808962
0x81e115C0B50AcF03Ac8446bfe8Ccc67D1242b89f,5478.297514
0x085DdA9064279c575b51B1A15282768387D1BDDD,5478.297514
0x0035b2e3BD2a7A087EE1328bF4a37e57720A4965,1439.808962
0x186aD377a477a311E25AA551fEc61f2ef6dda58E,1615.395421
0x7B2788bd6CF36224437e13901D2326b24B88c5c3,3722.432926
0x729796F7562030b0fd1aB854F902C1bD29947350,2844.500632
0xE02d54DA3BD0566E0e816176435b5D6864bEa4Ea,1790.981879
0x721d7a32cD5c60b035F2F3669ee62C85F1351240,2317.741256
0x78c354Eb226B02415CF7Ec0D2F6F85e111dc5D0E,3020.087091
0xd9b368BBc477CFada4C4ae83B0f4C356c9A8Bc93,4775.951679
0x82a4eD7e20834b14ccbb211F438cd0F4d65539Ef,1088.636044
0xdF0D80fB6eB6B6d7931d241677A55782a8Ab24bb,3301.025425
0x824aA636F944a939CeCD2E4EC8CF7531d9d4ceb7,35.11729175
0x12be693054c534B2A03f65294a644111cbd02069,210.7037505
0x391FBB990900cCcac5fa7E96F01211cC93cE2840,2739.148757
0x4C648bda6f88F9a5793dd1627c0b45dcC9b0E785,6005.05689
0xf8C854B77ebC0216786215Bd1FB4cEca5800DC9A,1264.222503
0x1CcE23BcD3354b4da35150B0D3014776C0661AAC,35.11729175
0xCB81476f81d030Eb958b718b2C637Bd7DF9D326D,3020.087091
0xE64F98705F7e0c447441A78a3287237176bEf13b,5969.939598
0x5AF12557F63145357a5752f861BCF7F27B3EDd3E,5829.470431
0x5b716e57e477E4537133B9767c9EddaB9457dcCC,35.11729175
0x996B4b05E5e7E7049c6Ca50F004FFE7515062752,35.11729175
0x05c58fb41C826db1384376Cb19176f9BB29FC4F6,5653.883972
0xfee44660FB9dB688Bb3c6eeC10113faA7722161E,35.11729175
0x71211E1E4da5C6D1c80114528f9CB0BA3A2A79a4,3371.260008
0x1a97f8Ba9746D5d58aD2CaB9A9B895C80F45E536,3195.67355
0x6bbcA7eC455805D101a6b046e35aCa984AbD94B9,6005.05689
0x4a153f7db7471221c08b8533161bD31b788B3c85,3195.67355
0x36e4E88Da03f022766814bB1036852a3Bcc1782e,3195.67355
0xa197c66Fb29637069E9CdeF0C417B171bb046758,3020.087091
0x16D709F46178D74986EbF37DFF276b25c5d61B0e,35.11729175
0x6cEeCF9d79045eA583e0720658a7c5709D6aEe7C,1790.981879
0xad0F48748b02cd49d3b48051AD0fDA063F21A958,4424.778761
0x0946903bC1EDbdACE425885C9297130E7cf96a3e,4073.605844
0x7081b27bB5505d8b21BCD9131d07D3924e9F961d,3476.611884
0x15b334B8A6b355EE38ac5D48A59A511949C04961,210.7037505
 0x0FEF4e3474010c863a2d3471DFEb5460F11307cA,3230.790841
0x74508b89E5d59C04b63b32Dc6A62700DaA027543,4600.36522
0x1e3A24Db13EFE5cAd56d19a798bC5B1551b236E3,5934.822307
0x14e141b1A80963171a86dB0Ee77cB533cFfa66A2,35.11729175
0xBe4DD3F61Ec61383B58Dab7feE6015333bC8d63f,6005.05689
0x4a977beecFC59e754E96917e592662c1dB82ccA6,2528.445006
0x2FD5bd3bAdC54866065425Fbe89Baa26e6Dff956,5724.118556
0x2D89a930B44c397Dcd2006b64cA9a2aBC9992c0B,1439.808962
0x64F9706Fb189807c3e64F3e4228b36005eeAebCd,210.7037505
0x5C35450b96e8Dbc25Cb6f967F249441322097721,5653.883972
0xA2FEd2aabD88De45f4D8B93dDA9f1c7C14074A59,35.11729175
0x0ce55CE98Ba75A251722aDccDe62f64E9Cb965FF,35.11729175
0xaB60bCC2d56910d12654692b74E9f44Dc5A7faaF,4389.661469
0x298FBa3A8ad01AFe85d65E38036f696483a018cB,5653.883972
0x2a1E041D67e597D8e72BB3725C25d9fff97B8691,3827.784801
0xb101dC14C6012D4faC2025a8f1Cdd4Daf1D9F154,5583.649389
0x334017535C5229f5f9Ec340944bD425534A05FC5,35.11729175
0xD25e583CeA24B5B2B1527503BE11D23C3CB325eF,4600.36522
0x1f45AEbFA7B55CF657Dd932177cDc8B38248944d,35.11729175
0x5F0a23898518f5ccF169846Bf366bB29952fc538,3195.67355
0x92Af96D66a3018EEb8466f8B4e2Eab776D00E316,5794.353139
0x2e9f5Ed4F67298253d6A58e2edBb96F5fEfab29b,35.11729175
0x17207D7F1a4DbbB6dc4a81d64F47EA275f7938Fc,35.11729175
0x7F583B85eA46ca0835928a5ab525940F54FABF32,175.5864588
0xFA410CBf8064C8343497883Ae3BCc86977307Bb3,2668.914173
0x988128a546F59084178E57B33A7922aEbab9Ee7e,35.11729175
0x0C12645c5c02614E7431F92C64a7a216eCe222fA,35.11729175
0x779Bb85e394167b2Dda9D054Dbe7fC1ac77b62eA,5653.883972
0x158371613F9d7CDd0E117a2c90cd65AA6fF7814A,3898.019385
0xaC4dA19C891602fe788Be2366BBC47635A37A95E,35.11729175
34b90846202704b3420d0f6aac6d0c90ca49fe834cd7524812c78967591b1f8a,2493.327715
0xEd00f3892C3aaD36AF7E7a533eDd9A1f5A11655c,3933.136676
0x58d2454B44c05A6BdCDbD73C70207EBB197C7115,3371.260008
0x1fB0E6F76DD297f2D73fcaa2C5C8002c40000E60,3722.432926
0xaa635aC795dC8E8DcfEcD3f9B012c6Ab825C2517,35.11729175
0x1D6E8B7bCaD1C2CC89681A78AB95A84CcE3fD77d,5267.593763
0x1277D142847Aa24421E77Caa04e6169b7A7a669E,3371.260008
0xBB42d43001E72B2BF215676E86B667Ed819ce9Ba,2844.500632
0x5974eBA08da40d634e574B8A22476CF8C26595f8,2844.500632
0x9fB63AA745daa51057D1c1CC0e0c76F8ED91cAd7,2177.272089
0xE9e738F92fcf9Bf297d7Ff34f16A45aE7934CcE6,913.0495856
0x0Ed13B84FF650acE88BC8eA48eB86C6fC4269215,913.0495856
0xBA05c0D2dd0e1C2bf5257B93341148504E4ee7e7,913.0495856
0xfb56b960b3C07e2b86768089a6CBBCb19D9F7B70,913.0495856
0xe18e2fe9Df99E89edbCf8C345776Ed351d0a444A,913.0495856
0xD75182459d7cCDf04F0D95A881bB07bd286017d8,913.0495856
0x09a2B4f1Bb6Fab210F1D57A576Efc5c0b5E9EF5E,1088.636044
0x1e4073CFCE8D303fA7c36117d3423Ed1bD7E4E2c,35.11729175
0x924b6A3c4C9cC080D39cbCEca07e73811415E83f,913.0495856
0x648E2281541A15AF7ff1f08e96bf2D8E85dCFD0c,913.0495856
0xD7e1eC4F602fd0DBe90Bdf5cfb42c7561e9BC38E,913.0495856
0xc60704b19523Da0473324c9CCb687eDBaa4436e7,913.0495856
0xEE7ecd1c9A8d5d319ba0878Ed3a510F28410C7a8,4038.488552
0xfe5C7DDBB436eD0F8be3A44c1300A64FAe883e33,35.11729175
0x60Cc6D013F32e40b80Dcc1aF24ABEe3A1966CA39,5689.001264
0x9A0953211000E91A6A147a127C28709DAef21AB6,1088.636044
0x13F0c57A2532144dcF62a2Ba152b2D674B44eD53,35.11729175
0x627c8E217C36e2C5c2734884cFD0710c13D402b2,2493.327715
0xe43dfC9A3358af0cf20f4F4b42e379c48E4d8a97,2668.914173
0xC34E7afE63c3AB13CC80dfDe73cf183dC0eD96B5,2493.327715
0xD291Bfd2b1D7c029bbd728aE924295f6177a6183,3371.260008
0x911deC428A16eb149780f8A1085b72072bf81DB5,35.11729175
0x224135b29CC913a310C5E8C626afACd4A0C9Df2A,1790.981879
0x6C0A68B7F7E48f373d4CD0f0c253a7B5509EeB0B,1545.160837
0x7E6d0d997Beb56F2fff349E5c78ca97b87D2eCD2,2177.272089
0x810b24fcDB0091F9042CDCdACf016c83BE4A5634,3195.67355
0xE4904748c747Aac8b97F80397dB2F7fea8Ce942a,4073.605844
0x2F76D94f335A6D20C0C0475bEdCebf9528DEcED6,1264.222503
0xa57dC6fc2c180771a4acC452736a3c30BF7Ccb84,1790.981879
0x7aA69108B14484eC692a41576856745506c2CFa4,1650.512712
0xd42668CF5765945BF241387564Bdf2D5679C5C3E,5302.711055
0x222520f74355a8A406b0EC3Fb83DeB01f18489dF,1790.981879
0x49B860CE47DB37Fa6005ED7a23D70b00409e13e7,913.0495856
0xCe20e0ce916Ba26e2BC7f91fe82ab5a95fA5c80d,3371.260008
0x453DffC6dfbC4D228759d19e969902d2BBF31bb9,913.0495856
0xDb7Fd4f6A799ED73A3f72Eb42C0Cb52d9919f5d4,2317.741256
0x172616795B6ff877690ed9a4308A866084821D02,913.0495856
0x8F1FbFDF3aCc86d8BBf2f7c851A0BC130b782949,913.0495856
0x314f37De56C01CE1eF91DD77bd80D6B1e331EEEf,2844.500632
0xFb8fc3493786AbC7054c5d264E6C90863dF9849f,5127.124596
0xc297dC9F428735e51821923F7E268E276fc96f0b,2493.327715
0x51C35Ac736eA04be3D94934364Ccb3f4DdCE6A1d,3546.846467
0xaCCaB7eC5339cd01BDee61330747A49FcF54f528,3898.019385
0xF34ACFa594210F6B9D9D86a087f784901C180a5F,6005.05689
0x2f96E93454A51dDA117A6F6b9d77dD7476531318,3301.025425
0xfc0b0D5bf1DCaf144DeB85441a36623F39fAFe54,4951.538137
0x15B600Ef7E4Ceab6E6B23bae5831C6e123Cb35e5,1264.222503
0xd5ec02e2c5f0Ae05cAb8AfC88B2519C9d4D6ba0A,913.0495856
0x86Df0A75641b0Ae5a2a8492a289376F14519Ef01,3827.784801
0xfFD3cce0BB5669763E84DB89e9FD7F0854E7FD5b,3898.019385
0xBE662f22c7e8a840974B5a37ABD01d82F23Cb76A,2774.266049
0x890A20AA257eBa3650f965343E731F3b2bce9036,3371.260008
0x7F2B55C51F155EC32123cA3db86A3A81966d8335,5127.124596
0x0252300858333c03f13a2a841e967c23e08B26Ab,3898.019385
0x0f4c9b2EaA55D960f4Fc1fd6d2Dbf04C5603a331,6005.05689
0xfd052EC542Db2d8d179C97555434C12277a2da90,3687.315634
0x97E1dd2Bd279E521aAdFFe29586F0c31f3827496,3230.790841
0x0190a8cB265bdba59f4758C26e17ebAA56b0DDf4,3371.260008
0xD4E3cd72F753F5Ef462594F3669ed6636817AD16,6005.05689
0xa54AEDd572097341786943Bd8E47Bee42a7b7F4e,6005.05689
0x00FA33Dfd6af51f17Dc48aC192C493519E2A59a4,6005.05689
0xE9ba606839c15e6653707a5f4B114b2a67aC682b,35.11729175
0x0099F3A13eD29Acf6EF37533326302Cd10993de3,3195.67355
0x767890A69bD4DDD5e498aF23D6E92E19E81e466E,35.11729175
0xcde7cc28967DFA6ce057624DD71451e8bEAC76B3,5653.883972
0x62C795f9543F5AdFd167B5a7fA5bdDcDD01E0bb2,35.11729175
0xb3EF4184873FF842a364A15CA15e61a28F51F452,35.11729175
0x5CDCaE1E623858f2ae961142c55500C8b3A13978,35.11729175
0x008cd39b569505e006EC93689aDd83999E96aB12,2493.327715
0x905fef3B6051A05842999D8fC47591751D60c621,737.4631268
0x33DeC5EBF2C5775E179fDD81D28C70D87281C23D,2282.623964
0xb343d8546B350132a825bBaa0be8790C6e1e83d0,386.2902093
0xFfcD4AC9de1657aa3E229BE2e8361ED2C2aab60b,2844.500632
0xF26A55ed2bcDEf30f8582b8EADB3600dA4397190,2528.445006
0x84D5a97Fcb426F13f2aeae0F3d339F1dFc4A8379,35.11729175
0x72e455386dF5Fb98B5C73E178FF8d16B6955bd10,35.11729175
0xE4D3DF079FBEF6529c893Ee4E9298711d480fF35,2317.741256
0x80E9f7D869aeEa9B74E9429361A3010CF52b9105,4424.778761
0xB1a7FEf9bc1a4A00bE66786B9101c6D02EF99CF8,35.11729175
0xcC88Ab59637349997dF73b5E372260e6B1607c49,3898.019385
0xD9b3e3E5Ae5978Ba2876c1A47cf3AA2b215BF56b,913.0495856
0x16D1C5fd1adCeA5AC7E72bADcc713Ca9dff09f7e,913.0495856
0x0a444AfdF239B0C481407b6c2C0F7fa2e1082Ea0,35.11729175
0xCaADDD51315832b2d244D3DdA1ba39161471F36e,4530.130636
0xb06d93270472390B53b38F9eb967889aB615ADbD,1720.747296
0xE80CF9a01857Ec50298D8c32241d9d6109D16f57,35.11729175
0x7452f4074605Dd376A46A9fb664843447194dc2f,1229.105211
0xFB62A2744EBC69C375eA1EefCB7aDb5C5F661065,3546.846467
0x756BE2f6d839F570760a758893A7E26f7Cb850B8,3898.019385
 0x608D7cf00505A3CcF5faF2656B785c5102433E8C,1088.636044
0x9f4Af3ED1de3CbC3233A9e43Fd13c13758a3a6bb,3827.784801
0x7DF842fa03e8D8271d7aF5Da123FFD0cE7aeaC6d,3652.198342
0xd7BddE7770983e14987C861087609b2DA3293607,6005.05689
0x45bf30De8802cd8d732796C4772B6B9036ae84e7,5829.470431
0x53B5224834FE8C9313404632E9D8bfCE911Da700,1861.216463
0x20426f0298A235f234Fe58e77488853656fCd0DF,913.0495856
0x382940F956c5Fef3fea448944Fbb44778CCcDAA1,35.11729175
0xB3ddc00a26F91B2C61C400B90Fb5265b7F7DE088,4600.36522
0x544b1bCFecB1443e07d8b616d1C01B83b6C76DAc,386.2902093
0x6Ce2aeA363b2BB0d09883AFbc08Db2e356Cb1F7B,386.2902093
0x068b1BE2Ead702485FB3C7C04b1e127A0AA7D56E,35.11729175
0x49F4364036BCDAb6D05ad7a53B2CEC959Ec6Af32,175.5864588
0xB003642a033e467fBCacD6b877a0e8d67E6c8D66,35.11729175
0xb1aF3d542A32B28543c8F271326AD9B9a1c427dC,2107.037505
0xD863012D69C7eAa647a48f4fdd4992a3B50a8412,6005.05689
0x2C7Fee4B264223B95A121fae408d0fBd04dF38A3,842.8150021
0x37063ac1175D42E1ad0B89ea0CFD537a0b9715d8,1755.864588
0x517fBDc39fc6B8eA12E54551C200351dc5949C07,5443.180222
0xe0269E3aAC2dAcf53d9CC19D8aee6C62372bD04d,35.11729175
0xb65AeA2fE9c7d15f84fC669FFd594F131BF837E0,35.11729175
0x7B58F7C2a721C12fed31cB730e45AD7c4AE727E1,175.5864588
0xDB17b710f18f0d1dcB55f53e2bfbC8b6121216C8,35.11729175
0xf73b910A78B7808C2FB755668ca4C4F8138a13b5,3546.846467
0x63f9e5C1aC61e61b383b213577d7f95Da046b817,35.11729175
0x7C1810058362f12aD1Ee2e43A409082Dde295621,3195.67355
0x6988BAee44025B954B4959e92FD9cdbF1A0C69Fa,3020.087091
0xB6fB13Cb4ee0bb81Ee5187FDb4e22Ccce2C658f8  ,4459.896053
0xf00e4BA71eAf2928d1A32648cFCD026fe90e945D,35.11729175
0xb1c1E5d2D1e77515fC7f87058Ac363437085A28b,6005.05689
0x429dcec7E94Be4E62AE619c19dc5584A6c61B386,737.4631268
0xa321e5dFBF1aC0f89C4BD5324182ecd6BB0d6406,2844.500632
0x18EF6b87B9d34B2BEc50C5A64ecb642F5a842d8b,5934.822307
0x139416ae82Cf89275FcbF178a26BBA127D83472c,35.11729175
0xb1575626c6F54c4E45fED1d3680223f424A2c953,4424.778761
0x616a80a2825923623DAAAC13fF3FB4Cd8c375CF6,35.11729175
0xBaC0faDe7926b1b294ee1681aC4463012dd4B3Ea,35.11729175
0xcf27E846ccAD32208Aa19Aa5505aAc35C3FB9dF1,3230.790841
0x07f964aBfC00f9571B392d78D0E8D0a303f527E9,4073.605844
0xA1601dca437De4525442dcEC421580cCD94c5AD2,3195.67355
0x670563c34B7889e9A6AA2f4Fdb7d95a2f0ddeeF6,4073.605844
0x34f00f69CCb9D8B127e846edB85D86485f64d161,2668.914173
0x40435db6D3F780F7AccCE2d362f617082Dfcf5E3,3020.087091
0x10f80D264Bdc3005a0171Ef2A6528f26a26A8002,5302.711055
0x261ba9D5216C2ec26fdFb30C37C27bD0b34C61D4,3792.667509
0x3379a0BD54F99041f5E4E4bD884b13bF47d3B73F,5478.297514
0x7Fd64F422cc71Ae9A3173831ab7C82030901AAF7,3371.260008
0xA6152ec2FAE5658eBF1Be400c13A706598190693,3722.432926
0x5fBdC3E2C3F1C39C3E67d884A052D2420F605580,5302.711055
0xD48F2114BE4d999A139aFab5b49A57F39B8C460d,5478.297514
0xaa869ee86B2a41c4b5982cE45711257008d4B948,35.11729175
0x75521BdCD2C0830C88Ac686E32A3A497d6D868Cf,5653.883972
0x56B63533b5CB700876e8F15838E514BF995d7424,5302.711055
0x59fe43CD218d13f07985D655Ed4EA79FE6276Ca7,6005.05689
 0x2E5547e845fad56639FDb3799c788BF51513e748,175.5864588
 0xB5A017b6df4bCE0f61b54894EeF644dca9765a63,35.11729175
0x2016deDc02912bE50DbeD8e8093D1e3fF528bf54,386.2902093
0xF017b2648063bC3d3E25da945c0ac4d15Bd16BBA,3020.087091
0x277832De52548870c0D5C71dA0D1fF55d8b55BfC,1545.160837
0xfe542662e344760AfBa1670b96552aB87BC8eccb,3617.081051
0xE7d2aC0d53175a43869a366d76A52e81e1a4068c,2493.327715
0xaBB70cCB7644eF330beCcD7092F12c710bab1ed0,3020.087091
0xfAB9cf127748065fd2178a605B25005c82c646A5,210.7037505
0x2D87756A3BF6C3e6a3f86cb9b1542d2dfdC1a095,210.7037505
0x97Ab56a283c2d269Aa2DF2ea271e3D621399cEDd,5302.711055
0x9fdF3123A1822971ceBd7F325b966515746E99a4,2317.741256
0x1c2daB0bC25205e34C7787ccf5F20B9A20B0B410,4459.896053
0x0127F7553E3D91BBA38626490773a49C4b4C9e7C,5443.180222
0x44BD8745AB637cAd4fcD384fb3e72dAD9FF5E627,3020.087091
0x1E7Af8a085e65776f93EBE05A8Bb8f00495f6a2E,5127.124596
0xDA38C2A855f7774266E1f998172e0fB3E822cf0d,5689.001264
0x17cC339601c1d26b6b86438A124d58AcEef28E16,5724.118556
0x12dC169f15A10c095A3fF235F9d7fFD6a1D19a13,3546.846467
0x26d0E47991E79ca7Ba3519633CB08695e555D0f7,35.11729175
0x85A363699C6864248a6FfCA66e4a1A5cCf9f5567,35.11729175
0x36C061f08994137ADf36FF41B1B398A26Ec14A4e,4951.538137
0x730233F6Fbe2b244bd3201620d727Db0C3380e66,4951.538137
0x399b3b6a9e0499E967E1561E3a30580866f214f4,1966.568338
0x8bDA2eD8781C2f2D9054Ec98d55677aD6a92Ff73,913.0495856
0x011fC3dB9FDCAD3a70E5092b668735B7BeF0E1FB,3371.260008
0xe637aDddC4a3d3411a568c90B14fEA8583aa4928,3546.846467
0xbFDb9966030abE0D965d30E29e11d12A8e1ba36f,3862.902093
0x994D4C1CF2635F59a66A585F04f2ebbb106D43Ba,3020.087091
0x6313f6bd9E6910D52e17096FE2cB7a414A73DC64,2493.327715
0xa0DC3bdaF43E16f771B773183D5aa98Cf58280c2,35.11729175
0x95631Ac12EbdFb23ed83Af61664fe22f537325e9,2493.327715
0xD72785F41242F29f86239e9a42B4d48a18F84039,2071.920214
0xea9Ff8b7209d4c4ccC55f7B7dc4Ec49086abBf6e,6005.05689
0x2C079C5604CF32fBFc5cA52a3bd6a8abE477e69B,2107.037505
0x09C2dAf764D124E4154c61d350CC9a5E841584db,2317.741256
0x3767d1D9833F952B8f78B1F52F88eB58B0aadC0E,35.11729175
0x7D0c737248Aa04754a58ca66630b39f1B81534b8,1193.98792
0x7fcccD2cDa09d48FC6775f802b535Ed504d721Dd,210.7037505
0xF3B1A93Ba1eba2D0B43Ea9D1364Bc7d5014dD003,3898.019385
0x7Ca4eFf02cfdcb8D871e11130DDf58586A853bef,5478.297514
0x0c9E238036B1c2EDCaacD0A5345C79F4FD422B85,6005.05689
0x1D828851050C968bd6e3697Fc89995576017C35F,3371.260008
0x25f1A5D4E4ac5a3f7e51b5bDd046c6eb0fe910Fa,5829.470431
0xdcb2595f8131f9ca01C856F91C4Af748bA36a97B,35.11729175
0x30551758bDc64e4ed5EFD320B83127BDA068e65F,35.11729175
0x34d341daeEe3A07A187DD9118a4e5f305b0C1160,210.7037505
0xe2Be3a0E3736104300fb0dc9E46Bf3D5417A31b9,3020.087091
0xaD33f43CB3DdC2DBD5A5EB09B12423066041a219,5478.297514
0x4c1ac9fa9AA8eFb7F975d7e0610004c456DF352F,3722.432926
0x52d1971C0d1245BADaad361394F7Fb0F10421D01,561.8766681
0x0ab5B54c56656bA0159bA72c99E855aCf4808727,35.11729175
0x3F0CFF7cb4fF4254031BcEf80412e4Cafe4AeC7A,3020.087091
0x64Ac8E3468054AE473C872D880F12d305E9FB809,2352.858548
0x27e639C9176A8816FB37Cc135A02F102129fcD91,2844.500632
0x141CF68Ad37F924Cfe7501caB5469440b96AB6e3,2493.327715
0x4CA2586e097d50E0a0dbD3CFc1f8c1b1b0429f43,2177.272089
0x2826122a77193179C31C8F554fd5322A351F1CbE,1790.981879
0x2eB60fDb9eE26Ac2bCa65DEa25769c8299B4B7c1,35.11729175
0x63e1f12A095235644fc393366ae03fAFB33503f0,5478.297514
0x0881e242A1E9f9ba80d0800834DAe4549D4A3fd8,5478.297514
0xF1827B4De7d2fb07b3851ab828F403E051CDbE51,5443.180222
0x36de7522427132e87a26d48e8897380a377C240B,3020.087091
0x4Ae8F25590DF1209cAb96C50dbd96928f3878066,737.4631268
0xCe14C69fED3De8F8ad249263A5f33569057c7199,6005.05689
0x51ec49876fD0F9e4Bf72998fB24CD82e05802fBb,4775.951679
0xa98410Ff82C5cF4d383F89f0fe3B1fb22d55c561,4073.605844
0xE7313c8C505495A6D330511a149e22207c82887E,4600.36522
0x336CCB08dBbdbC1c055c381476fe3215e77ea0cb,2879.617924
0xd581675bdbd8be8565c30279A7d96Bd7439f79bB,5302.711055
0x18d0E72b9F4ea74e4f6C40c203d4a14Ed60cd9ff,4986.655429
0x85b7F517BB277f6a850c865d47B0A102D0a7F18e,5127.124596
0x33A924165E1F2bE5142FD19d1b2f091CB23bfd3F,2142.154797
0x68989F868aeC31C32BD4ca72E7258Cd81E0dfc58,2563.562298
0xAD6583B2B07E615D4866976F6ead84F71Ee3452b,2598.67959
0xE86D84fc092F30EA3ede0Bbf954b14eAE3E1dC24,35.11729175
0x8F58aFa3EcC49AE55B6DB7DBDb07bCecC7beF8D5,2633.796882
0x9F4f3973334753a9ABfE18A9B6889192c51F2876,3371.260008
0xCf617efDc07cc2c0b263df8308AaCe22ae713650,5302.711055
0x9F9eE72567E1e427596d8dE9b19919D833A4feD6,2774.266049
0x57c490A6dC77b3801b009249E703E9D184a4A325,2493.327715
0x615b7e46598D80286ADf48d0096D0B9bC10a7067,3020.087091
0x3B67964a7a49D9B3aaAF9eBbE126d86BBb7a523E,4389.661469
0x841429eAf56c09B5F953B467eDD3122BcCfc8682,2844.500632
0xC69e3CD404c4Eee62A9BA237a6cE76a49980BF9a,2493.327715
0xfe5E197daC987c65a1CA1a92aBF7E9392C984889,35.11729175
0x1669E967008Be73A74359eE122353Dba8f899114,1264.222503
0x77e39C531F7f26CCC9cFF2B92d86d25f64dF79eD,280.938334
0x11223CDaAca042Ec7f355A023056A6F5C6edC31C,35.11729175
0xD7Da676eD28494460E741A5CAf60F69CFF313973,35.11729175
0xAF8c37882bFfdB2ea76efDaE1eb7726eee63583B,35.11729175
0x457c245f5F6D70aDBE5E6C98aef9659607904469,2668.914173
0x2Cbc78b7DB97576674cC4e442d3F4d792b43A3a9,351.1729175
0x5BFE292438224573e8B98E6A0E545f530f522520,5302.711055
 0x40E87D23dcE3ea8df9AF9f625bdbf98795718AdF,35.11729175
0x5D182647a52dc426F2E6B16DC45B2DdF7eB23972,1053.518753
0x3E90e83a1Bf89dcD320361eA88EfB626F0bFa67b ,1931.451046
0xD2b5e55255A02fF1F334386Ab0f7c9e048b8dEa6,5021.772721
0xf98729F1dA77c604B0B7d72d94881813eC501f3a,35.11729175
0x3439Ea50eD00e9Ba69D195eb0B5b403b3ba5FbA2,6005.05689
0xD357BFd9e02A73739851bfb5F857A0fEB1F549Bb,210.7037505
0x3B05f9fB8e42F44deFFE02DFa2781FAf44253349,4951.538137
0xd89491E8E216b25fB9a5d32a3fDCF6c5270C665b,5197.35918
0x9bb3b68871024187336048B51b98f768a6C50460,35.11729175
0xA4c9EF9d18962949A9C8EdeFfb0327776927b804,5021.772721
0x65B1114F9448996d455B3b15C18767ec418F594B,5899.705015
0x0F477CE6Dc9d2800E83725652c602a4f18C4A45d,5302.711055
0xAA384877E4083aCCA0F1c5807633D97169552666,1264.222503
0x406fd72901BEDC506ff92dCF9232994CDe8E5a7B,5583.649389
0x549E9e8AcC63aD478e43719D0e665F5F45EE49C8,4249.192302
0x59667a9fa812f67D1B1cF63ABbCeb337D7093e50,1545.160837
0x425e3F20F26FbF22a1B893446fa2C9C999548353,948.1668774
0xFD1742bE084f1Eee07096226e75ea1AC70771Bb2,35.11729175
0xf1562229948b18146dBf352372010ceD717dd0C0,737.4631268
0x7e5Ef57bc1736C31d30a713725965aBbE4d93bFF,1158.870628
0x372cC3508387B2Bc947dF820658e8026F46805db,5127.124596
0xf2734359b5cf638B783e28EB1eC0729772616aB1,245.8210423
0xBfD3715c1E0A307914B7f12133d48bb3dF455aa1,1790.981879
0xa557E8E101ab2cB563Ed904871015637D97eae0e,5127.124596
0x2e04FA2e50B6bd3A092957cAB6AC62A51220873C,386.2902093
0x857D27B63Cb4fDE55AB840eaCcDd8513AE1e324B,1334.457087
0x609D59802E42227942CECa5B421D0d3141CD0969,1826.099171
0xcF385E9b7A6080a7CC768F5B0E2D5dcE593e1Eb0,5302.711055
0x59B53cc87248DEFb36b600A0895372dD7908813b,737.4631268
 0xac3327DA2c123c7F9AA64003a72C5548B01FB0ee,2282.623964
0x4050B974c8236365fd44A8A4304590c8d82dF670,2317.741256
0xcaF331Fe0dec58F286728343BCFae7Cb1A540300,6005.05689
0x08B62E5C3c527f5081DB14Aff85B9E9f3Bc75079,1755.864588
0x9Ef73413a9af98793BA29703b0552cF669924956,1439.808962
0x596e5df8D7f9F9df77c765a94BE54f348C1A85c4,1229.105211
0xA995509FA9f4fFdC6c71737483D117a8D48E35f6,3546.846467
0xdb2aDE6113be421DFf5684400801a62Cea0031E9,6005.05689
0x2D32E965094bD0E786bbaEF27099309DA83fe25d,2914.735216
0x117fD75eaD1a0E76407BD255a2d2582C5D2f3446,561.8766681
0x5001C485cd7245bB3bbAEB464882cD314f06c864,2142.154797
0xDaB1109E1B1A3eC348e6A247002CD8431721A4A2,1931.451046
0xB23A04a3E08fffE865aB2ccc854379E1a5Dca2f3,5162.241888
0xB25819f1aC286B6A3619dd404202d3917D34112E,1685.630004
0xa1a152b50E27F9ac79194E75be87DC9AAff727b0,2563.562298
0x8069ABD6ffbd9B1da4F220d9DdDD4878A1D5b75B,2387.975839
0x740D4B3119b956c1d19608da39730499DBCE4C01,35.11729175
0x74B94f1B7f3B9ac9267f63fB9F12b1Da1AaE0eC5,2142.154797
0x314c30A54dd24A2B1cD9cA7872bbA0dF1875eEcB,2001.68563
0x6cf1983769Db66c506Ccb1B9ea9927cc81118bBE,35.11729175
0x685020F2C38b2b7176F172396d2aa9e5C1e31028,6005.05689
0x417FD65560a8168aC2FD45C67d8923F07d3FB7f3,2668.914173
0x4B5BCd611B0eEF9C5761e0Bbc2143689eed599c1,6005.05689
0xd350b7E0a2905b9AbF9202792db8f59BB9267718,35.11729175
0x43E294ff7a8D218404b05B97a36745d9c6080E2A,5969.939598
0x3f4f800a864a47858dE3F7438C1CE4D476efDeAc,4600.36522
0xF1fb8B479eB75A80719ABd0b534663d797996DBE,5478.297514
0xb1520eF8a58CEa5EC7b88Dbe6E05E84477A291ff,1790.981879
0x3313D3746d117A12F3825Ee095F81C314F31e45c,4740.834387
0xB0776E25CB1B63DA525DbE6e03AC1BDbFf03B785,1790.981879
0x7493bab2D5305A9b1391f62cD0bEB0c673D94c78,2142.154797
0x308b1bA9013B50C892cdF6AFAEA58BFCE5da5a58,1931.451046
0x22De0491f1250a7e5Fac2393612dcc29AA1C6ef9,3546.846467
0xf6CA045f64b676CbBcE85f2176E76075bdDc5d4d,913.0495856
0x0A6d811a9f39B404FFB8b391c12a719Ac688A9A3,6005.05689
0x3c567089fdB2F43399f82793999Ca4e2879a1442,4775.951679
0x68C37De6d477633e241a89AF6CC260BD2825b126,737.4631268
0xA6e0C6e7A00723F70329dB64fb143a2DA2DB92cc,3371.260008
0x4cF150ADBD95ed35BdE9cf5dc5d51C9549f9EFa3,5653.883972
0xFf9B7A8ce8f18fd0192D0d2343d66F3de4498161,5653.883972
0x9C5932485af7D0Fb6DBA65c9Cb2aDc2De621Ddef,3055.204383
0x3973B17380b00BA475963042e786D6Cea078cE70,3020.087091
0x0c9fE4966e78150900bAFc58731E1c51d91d41dC,386.2902093
0x5fc3F6c9Ca73D3a97Bf59bc7327c92DbAE884FD6,6005.05689
0xB31adA41E15a8Bae5EA998AbC5EE01ECe4be8ab6,35.11729175
0x19db5D8e1b1a303af2A87e3ab306972aA790BB5B,2844.500632
0x130a572E6A270F4cF8732c9a910E7f60cECA10cE,6005.05689
0x860296746D5b4a4d4F6A0f9f2D66dAF4Cdab0c85,35.11729175
0xeecfFfc6A36F7C9482338D21e6C3Dd59A8E7620b,35.11729175
0x264b09a49E97Ed8DD310816577f2De6Ae22Af5f4,2493.327715
0xE20054B84A9D8669D82B46bd6589CeD36406FB9B,1615.395421
0x9543D245e566F9eA0D00134F75f06F41Eb55b21B,1088.636044
0x3bc7bBe14881e8C84E2CBE2C0BE875F3c3bCD811,4073.605844
0x0B7F669DF3bEbeA5032081B35adc26A383C0580c,1790.981879
0x2E7692De0b3AbCc9EF6E2d07e4bE50bD766784E7,1088.636044
0x417780C2145c6fC470350961AD80341F7b2c7358,4249.192302
0x36E94E2636C6452212C8F384D2540b5AE8A44c19,1615.395421
0x71fBDB5130aBa7c95190cD04609479cC0dA7570f,3371.260008
0x330AcFB014E90BDE3fEb6e5b7DEd13e119f718B8,3195.67355
0x54b4e3fb904AaDbf7D80aae42306B35B398e41D0,5302.711055
0x221339dC33248043C2Ab1DbEb2207D186e753a75,1790.981879
0x72376F7881a318dC69e1e12A68feCa663F767a43,1439.808962
0xBaeC5D436A917f3b0Ed28F78316272733A4A3c5e,1966.568338
0xD04367465c4081019C1337c93bfE54C8fd527747,386.2902093
0xb9973f692eFd5e04D75743dAE8aDB08dFA66b6a7,1088.636044
0x08F5360F7C0aC45A354B8442972a25eE605C44EA,596.9939598
0x68bC7ce32fa060e7627056982abc11323F5e3259,1439.808962
0x1Ee9eFD273c6724bfD90a09e4e5F5ba0c2BB41Fb,913.0495856
0x81D59f3b1a59c6eC31D9212577C45D7d15107fAd,4249.192302
0xbd9bbBf52E24Ed2FFf5E7c5B66B80BbD062E3938,948.1668774
0x86B3C93b0765B15dD7b2f8E14D84aDd514cc8C36,1123.753336
0x61b768D5fd6496047b8C68667E45E4C0C815E8bB,4073.605844
0x697FEFC80efCc50ED8f156d1c64F7B6A9dB87497,3546.846467
0xf9CC8dc45D1171459a0753Ea06Cf38f18B4cFcCF,4424.778761
0x7b6c3b530401f157C995fb7366ffD1b91bb396aF,35.11729175
0x82fb00C22f7F68e07BF67C6F69c9733a95c7feb5,1826.099171
0xC869998b559d6fF8b4374CBeE3c4D7c3584eaeFB,3301.025425
0xD5841bAf32bb36fAA40823c3743eb00191126899,35.11729175
0xa9Ce0010dAE4b1B0c1A01feF103Bca8232c2Db32,877.9322939
0xad50E335A62f31481e2Dde5D3c0037A47C10a6b2,3406.3773
0xA13766ae4398e600aEC45996F192804f80Af7BA0,5478.297514
0x63b2fB8e3c22b4230C3b6407e72c1a96f36c1cFF,4775.951679
0x0c1f421E53735576c2f5769F8259E1144Aa6979f,6005.05689
0x05c4Fa03BC7630fB3B55633AFd31b3036C443FcE,842.8150021
0x55D9B7C24622D53Cd97B53b4f370910308FA9290,6005.05689
0xCdD33f58cf447f861AF8b55e79b20df38FF855fA,913.0495856
0xDf78cF07ef59411F3E747C54Ecd0FE5AA66F54FE,1966.568338
0x9f86b2c82fd35eC0D850d1Fee09C602E9810c648,6005.05689
0x1105bc37432B8625a063e5Da40c19eED3c29b977,3406.3773
0xE93f762d2E38e129cDa9c43869e42c0738954fe2,5899.705015
0x04Dc7427eac4d1AAc4E1541c5EaD2f93b006F124,491.6420846
0xb0Fe40b86D3818eC80Ac1e04Fbf590a1Ba5237Ef,3933.136676
0x1DC0478055CA6F76A40404794736D0312B0081C8,1931.451046
0x24c850055006C5eeBbea10833Dcab0C9dec89998,6005.05689
0x0688355C20b3630c05B5d1A38f3Bf65dD0315F0A,6005.05689
0x41fC482B66ffCf2E97850F7580eCAa757B6166A2,1404.69167
0x596618Ccf31603FaAa5C002a861030f00E80842E,561.8766681
0xD5828aD06AA8927bb2A38b84D8de9692dc7a12D4,1966.568338
0x1c3Df08a8Ec8450D8348bdf0c43192CFC5ddd546,2317.741256
0x48A48ee3452805b42A67B5FcA9cdCF498Fbe7275,2036.802922
0xEB1934fe8758F2b94312c869Be650177BbaB7FB1,386.2902093
0x0B60a1299aae7f890019E84908063F9e42D1aC5d,1790.981879
0x8482aB19815160a0813796276fe6073E910d577a,1474.926254
0xb31ba48521801907D3398F83BE27bF61C32c0F30,6531.816266
0xfe9c19457C56cc7205830710c9085c62c65041C2,6005.05689
0xE452b6b42Df7CAC9415dF4EA4AdEe5F0c05104C2,4073.605844
0x935139E898D2142f1eF85B39Ac35b015766350fd,6005.05689
0x7a29073cB34df1a41b94a7eaE6714D9144EE7837,6005.05689
0xf197e500E574BDFEAEf1246008Bd8514A737A0E2,6005.05689
0x2De9071BE3d91da55a69A83c0a0C3e97dFC5BA61,6005.05689
0xFFF34a0EBc58C1FA1A19e4E87131A9148807561E,6005.05689
0x36F73C0E5b6a4367a822a36cDC5D2133f5198C3F,6005.05689
0xE083d16a7cC76753B30761DC0b22D9dAB5645c6A,2949.852507
0x36DA7d0b7a24DFb9034B7147437468d76f1A78F3,2177.272089
0xBaa5755e10802f5BCb205fB7CFF6bA528802Ce66,6391.347099
0x0aCf4053dFcF1b47770509a7d4d6DB5eAAe1846F,1474.926254
0x62273CFadDf55c4caa380Fa0a3816Dc9B7439EED,1966.568338
0xF37E181Cea4A71236dADF6E6D6978b222685A3ae,1404.69167
0xB226F00FCF81a71aA4B8550D33146e19960f6f36,280.938334
0x37DC1a0B7B743AbDC6922d3117cc6732dd8a5c96,1018.401461
0x400969f35416CAfB4905BB81663d22AbA253B2A7,4951.538137
0x3D0C9f864751fD73158210cAba258d0eEa22ccb1,5829.470431
0x63B56909257c89953E888c9a4FA83816d3d24Dc2,6005.05689
0xD93772D0782Cc5DdFfEDd235b7fb54726E3C17E2,1334.457087
0xB84E7087D87123fed0f08e6CCDDBf411545f8E89,6005.05689
0x48a04A46eE1BBC1Db2e655efF6055709Cb3e8065,6005.05689
0x95D7dadBA22245f4fc8608c60236CbC888BAA032,4249.192302
0xA1386FbB31dA2B8d3817AAb539bF175428bEEBE5,6005.05689
0x19BDD4def406bA1CB69da24A6A166Fa9cfba126D,5478.297514
0xa6384118370B7Ab77067d6F1d2Ced2EB4a4334c1,702.3458351
0xC292799704c0bB6e99d45D1A1c5b04F531C32f81,3546.846467
0x323eDa27A89E7839765852C7D0433CC4Dcd0De89,948.1668774
0xa0148e52c71F8cabAA28092DdE2d6115f68F76f0,6426.464391
0x000e4F3624391D282Ac8370cd1bbd7624e49Dd57,1369.574378
0x7d62Cdd486A15B6A720f3cbbaed3FF740aD3eb8A,140.469167
0xE43C2E9b95971467ebCd1e6f2a0D2064756709b9,316.0556258
0x7a8a3212FA3c7a4AACd8D764e50A7d7F45dF2376,632.1112516
0x84bB4e2487199d9c8297A9630dA5D84DF017a64A,632.1112516
0x07eB40D0e6CD1AaDDC25e4F21EB82ABa0b96Ac20,421.4075011
0xC97082791e74D79fBD58237a0A1B56fAEb7957e0,1229.105211
0x7253DfA27027f06D606D74BD2a42A2Caf5777deF,702.3458351
0x4F0319Eb97021993eC862200809f2859423d7495,386.2902093
0x607FA5A08Ef2DA0434D44967970F75D15118D694,140.469167
0xd29Cf39EA8f3F0bb09E9B2Eaa6d7F6098E9810CB,140.469167
0xd626035d6825e6528fFb0bd50a9F6218B2f21f7F,421.4075011
0x848C37b561d051d9F0208056bA66FF92c39fc00a,140.469167
0x86b80dad872EC3226174218c5b20a1c3A99a5383,280.938334
0x077A1da04BdDD9e05d3ddaf516a7b021A96eF14d,351.1729175
0xac580Ddc36996d340F6dF2c2A952edE7e527A2ab,632.1112516
0xbf0E4C9e903fF3a45d7F6907250B59c9CF467e31,561.8766681
0xe64A96b83AB7d99309B635438B470800eA268E4f,456.5247928
0xE787d49278369D70D135175dd77c44C5D3a35eCF,4389.661469
0x268e84Aa93c6Fed124Ad4D4FaAb524a43B7D1A72,316.0556258
0xAE53B202260903839655270C6BBdd136D8Ac347b,526.7593763
0x2448C1b141097d4fC30a9679c62aFE90b555a329,526.7593763
0x6847DEDBb505b0B075b98db8f34F1D62F85e0d9d,25000
0x6847DEDBb505b0B075b98db8f34F1D62F85e0d9d,25000
0x6982c94571366e5277aebD358cf14A8b314BDc96,25000
0x6982c94571366e5277aebD358cf14A8b314BDc96,25000
0x10A35953C43cF6f7FdFA7E43A18474bB905cD21B,25000
0xA3cd9Bd90FE9BfB55E8b3d01972e61Ce3db2533F,50000
0x3179f88ded783b02e0EA90D44cE5C584AcbD9F3A,25000
0xE4904748c747Aac8b97F80397dB2F7fea8Ce942a,25000
0x008cd39b569505e006EC93689aDd83999E96aB12,75000
0x9803bA5fa1998bB6fF0bd78DA5493bc295605694,100000
0x8380E0ec05c3Fe4D021c728eccf4DBD832381758,25000
0x9803bA5fa1998bB6fF0bd78DA5493bc295605694,100000
0x68bC7ce32fa060e7627056982abc11323F5e3259,25000
0xb6Dc48BA1ab5F7fA6f406760986407C244CFf261,25000
0x68bC7ce32fa060e7627056982abc11323F5e3259,25000